Metric,Decision Tree,k-NN
Accuracy,0.9761904761904762,1.0
Precision,0.9880952380952381,1.0
Recall,0.9761904761904762,1.0
F1-Score,0.9761904761904762,1.0
